-- MySQL Script generated by MySQL Workbench
-- Tue Oct  6 19:44:29 2015
-- Model: New Model    Version: 1.0
-- MySQL Workbench Forward Engineering

SET @OLD_UNIQUE_CHECKS=@@UNIQUE_CHECKS, UNIQUE_CHECKS=0;
SET @OLD_FOREIGN_KEY_CHECKS=@@FOREIGN_KEY_CHECKS, FOREIGN_KEY_CHECKS=0;
SET @OLD_SQL_MODE=@@SQL_MODE, SQL_MODE='TRADITIONAL,ALLOW_INVALID_DATES';

-- -----------------------------------------------------
-- Schema atn13
-- -----------------------------------------------------
DROP SCHEMA IF EXISTS `atn13` ;

-- -----------------------------------------------------
-- Schema atn13
-- -----------------------------------------------------
CREATE SCHEMA IF NOT EXISTS `atn13` DEFAULT CHARACTER SET utf8 COLLATE utf8_general_ci ;
SHOW WARNINGS;
USE `atn13` ;

-- -----------------------------------------------------
-- Table `atn13`.`petstore`
-- -----------------------------------------------------
DROP TABLE IF EXISTS `atn13`.`petstore` ;

SHOW WARNINGS;
CREATE TABLE IF NOT EXISTS `atn13`.`petstore` (
  `pst_id` SMALLINT UNSIGNED NOT NULL AUTO_INCREMENT,
  `pst_name` VARCHAR(30) NOT NULL,
  `pst_street` VARCHAR(30) NOT NULL,
  `pst_city` VARCHAR(30) NOT NULL,
  `pst_state` CHAR(2) NOT NULL,
  `pst_zip` INT(9) UNSIGNED ZEROFILL NOT NULL,
  `pst_phone` BIGINT(10) UNSIGNED NOT NULL,
  `pst_email` VARCHAR(100) NOT NULL,
  `pst_url` VARCHAR(100) NOT NULL,
  `pst_ytd_sales` DECIMAL(10,2) UNSIGNED NOT NULL,
  `pst_notes` VARCHAR(225) NULL,
  PRIMARY KEY (`pst_id`))
ENGINE = InnoDB;

SHOW WARNINGS;

-- -----------------------------------------------------
-- Table `atn13`.`customer`
-- -----------------------------------------------------
DROP TABLE IF EXISTS `atn13`.`customer` ;

SHOW WARNINGS;
CREATE TABLE IF NOT EXISTS `atn13`.`customer` (
  `cus_id` SMALLINT UNSIGNED NOT NULL AUTO_INCREMENT,
  `cus_fname` VARCHAR(30) NOT NULL,
  `cus_lname` VARCHAR(30) NOT NULL,
  `cus_street` VARCHAR(30) NOT NULL,
  `cus_city` VARCHAR(30) NOT NULL,
  `cus_state` CHAR(2) NOT NULL,
  `cus_zip` INT(9) UNSIGNED ZEROFILL NOT NULL,
  `cus_phone` BIGINT(10) UNSIGNED NOT NULL,
  `cus_email` VARCHAR(100) NOT NULL,
  `cus_balance` DECIMAL(6,2) NOT NULL,
  `cus_total_sales` DECIMAL(6,2) NOT NULL,
  `cus_notes` VARCHAR(225) NULL,
  PRIMARY KEY (`cus_id`))
ENGINE = InnoDB;

SHOW WARNINGS;

-- -----------------------------------------------------
-- Table `atn13`.`pet`
-- -----------------------------------------------------
DROP TABLE IF EXISTS `atn13`.`pet` ;

SHOW WARNINGS;
CREATE TABLE IF NOT EXISTS `atn13`.`pet` (
  `pet_id` INT UNSIGNED NOT NULL AUTO_INCREMENT,
  `pst_id` SMALLINT UNSIGNED NOT NULL,
  `cus_id` SMALLINT UNSIGNED NULL,
  `pet_type` VARCHAR(45) NOT NULL,
  `pet_sex` ENUM('m', 'f') NOT NULL,
  `pet_cost` DECIMAL(6,2) NOT NULL,
  `pet_price` DECIMAL(6,2) NOT NULL,
  `pet_age` TINYINT NOT NULL,
  `pet_color` VARCHAR(30) NOT NULL,
  `pet_sale_date` DATE NULL,
  `pet_vaccine` ENUM('y', 'n') NOT NULL,
  `pet_neuter` ENUM('y', 'n') NOT NULL,
  `pet_notes` VARCHAR(225) NULL,
  PRIMARY KEY (`pet_id`),
  INDEX `fk_pet_petstore_idx` (`pst_id` ASC),
  INDEX `fk_pet_customer1_idx` (`cus_id` ASC),
  CONSTRAINT `fk_pet_petstore`
    FOREIGN KEY (`pst_id`)
    REFERENCES `atn13`.`petstore` (`pst_id`)
    ON DELETE NO ACTION
    ON UPDATE NO ACTION,
  CONSTRAINT `fk_pet_customer1`
    FOREIGN KEY (`cus_id`)
    REFERENCES `atn13`.`customer` (`cus_id`)
    ON DELETE NO ACTION
    ON UPDATE NO ACTION)
ENGINE = InnoDB;

SHOW WARNINGS;

SET SQL_MODE=@OLD_SQL_MODE;
SET FOREIGN_KEY_CHECKS=@OLD_FOREIGN_KEY_CHECKS;
SET UNIQUE_CHECKS=@OLD_UNIQUE_CHECKS;

-- -----------------------------------------------------
-- Data for table `atn13`.`petstore`
-- -----------------------------------------------------
START TRANSACTION;
USE `atn13`;
INSERT INTO `atn13`.`petstore` (`pst_id`, `pst_name`, `pst_street`, `pst_city`, `pst_state`, `pst_zip`, `pst_phone`, `pst_email`, `pst_url`, `pst_ytd_sales`, `pst_notes`) VALUES (1, 'Littlest Pet Shop', '2078 Maple Avenue ', 'Gettysburg', 'PA', 17325, 2367892038, 'littlest@pet.shop', 'pet.shop', 238422.90, 'amazing');
INSERT INTO `atn13`.`petstore` (`pst_id`, `pst_name`, `pst_street`, `pst_city`, `pst_state`, `pst_zip`, `pst_phone`, `pst_email`, `pst_url`, `pst_ytd_sales`, `pst_notes`) VALUES (2, 'Petpet', '1889 Crescent Street', 'Mebane', 'NC', 27302, 2739573947, 'pet@pet.co', 'pet.co', 123478.39, 'good');
INSERT INTO `atn13`.`petstore` (`pst_id`, `pst_name`, `pst_street`, `pst_city`, `pst_state`, `pst_zip`, `pst_phone`, `pst_email`, `pst_url`, `pst_ytd_sales`, `pst_notes`) VALUES (3, 'Cutest Pet', '3238 Ridge Street ', 'Buffalo', 'NY', 14125, 3470583920, 'cute@cutest.com', 'cutest.com', 234668.04, 'better');
INSERT INTO `atn13`.`petstore` (`pst_id`, `pst_name`, `pst_street`, `pst_city`, `pst_state`, `pst_zip`, `pst_phone`, `pst_email`, `pst_url`, `pst_ytd_sales`, `pst_notes`) VALUES (4, 'Lovables', '5466 Franklin Avenue', 'Saratoga Springs', 'NY', 12866, 3457934645, 'lovie@lovables.org', 'lovables.org', 345678.04, 'lovely');
INSERT INTO `atn13`.`petstore` (`pst_id`, `pst_name`, `pst_street`, `pst_city`, `pst_state`, `pst_zip`, `pst_phone`, `pst_email`, `pst_url`, `pst_ytd_sales`, `pst_notes`) VALUES (5, 'Pet World', '3303 Woodland Road ', 'Garland', 'TX', 75043, 8458394563, 'petworld@pworld.com', 'pworld.com', 378823.28, 'nice');
INSERT INTO `atn13`.`petstore` (`pst_id`, `pst_name`, `pst_street`, `pst_city`, `pst_state`, `pst_zip`, `pst_phone`, `pst_email`, `pst_url`, `pst_ytd_sales`, `pst_notes`) VALUES (6, 'Pet Homes', '8807 Virginia Avenue', 'Hope Mills', 'NC', 28348, 4385699203, 'pethomes@phomes.com', 'phomes.com', 456723.23, 'noted');
INSERT INTO `atn13`.`petstore` (`pst_id`, `pst_name`, `pst_street`, `pst_city`, `pst_state`, `pst_zip`, `pst_phone`, `pst_email`, `pst_url`, `pst_ytd_sales`, `pst_notes`) VALUES (7, 'Cutesy', '8055 Wall Street ', 'Lynchburg', 'VA', 24502, 4829457023, 'cutesy@qtpi.com', 'qtpi.com', 123784.48, 'cute');
INSERT INTO `atn13`.`petstore` (`pst_id`, `pst_name`, `pst_street`, `pst_city`, `pst_state`, `pst_zip`, `pst_phone`, `pst_email`, `pst_url`, `pst_ytd_sales`, `pst_notes`) VALUES (8, 'Loli Pet', '840 4th Street West ', 'Albany', 'NY', 12203, 8584932364, 'loli@lolipet.com', 'lolipet.com', 823981.43, 'awesome');
INSERT INTO `atn13`.`petstore` (`pst_id`, `pst_name`, `pst_street`, `pst_city`, `pst_state`, `pst_zip`, `pst_phone`, `pst_email`, `pst_url`, `pst_ytd_sales`, `pst_notes`) VALUES (9, 'Pet Land', '3499 Elmwood Avenue ', 'Dekalb', 'IL', 60115, 5702348594, 'petland@pland.com', 'pland.com', 344576.34, 'great');
INSERT INTO `atn13`.`petstore` (`pst_id`, `pst_name`, `pst_street`, `pst_city`, `pst_state`, `pst_zip`, `pst_phone`, `pst_email`, `pst_url`, `pst_ytd_sales`, `pst_notes`) VALUES (10, 'Pure Bred', '5349 Locust Lane ', 'Ambler', 'PA', 19002, 6837495294, 'pure@purebred.com', 'purebred.com', 326724.82, 'unique');

COMMIT;


-- -----------------------------------------------------
-- Data for table `atn13`.`customer`
-- -----------------------------------------------------
START TRANSACTION;
USE `atn13`;
INSERT INTO `atn13`.`customer` (`cus_id`, `cus_fname`, `cus_lname`, `cus_street`, `cus_city`, `cus_state`, `cus_zip`, `cus_phone`, `cus_email`, `cus_balance`, `cus_total_sales`, `cus_notes`) VALUES (1, 'John', 'Doe', '1515 Elboney St', 'New York', 'NY', 10293, 8273829328, 'doe@gmail.com', 102.47, 59.00, 'nice');
INSERT INTO `atn13`.`customer` (`cus_id`, `cus_fname`, `cus_lname`, `cus_street`, `cus_city`, `cus_state`, `cus_zip`, `cus_phone`, `cus_email`, `cus_balance`, `cus_total_sales`, `cus_notes`) VALUES (2, 'Seira', 'Mist', '9277 Grant Street ', 'Monroe', 'NY', 10950, 2025627182, 'misty@ew.co', 273.28, 129.00, 'awesome');
INSERT INTO `atn13`.`customer` (`cus_id`, `cus_fname`, `cus_lname`, `cus_street`, `cus_city`, `cus_state`, `cus_zip`, `cus_phone`, `cus_email`, `cus_balance`, `cus_total_sales`, `cus_notes`) VALUES (3, 'Ash', 'Go', '1627 1st Avenue', 'Frankfort', 'KY', 40601, 7829162389, 'gogo@yahoo.com', 172.37, 55.00, 'ehh');
INSERT INTO `atn13`.`customer` (`cus_id`, `cus_fname`, `cus_lname`, `cus_street`, `cus_city`, `cus_state`, `cus_zip`, `cus_phone`, `cus_email`, `cus_balance`, `cus_total_sales`, `cus_notes`) VALUES (4, 'Poke', 'Mon', '6607 5th Street West ', 'Manahawkin', 'NJ', 08050, 3728412839, 'pokey@aol.com', 438.32, 237.00, 'amazing');
INSERT INTO `atn13`.`customer` (`cus_id`, `cus_fname`, `cus_lname`, `cus_street`, `cus_city`, `cus_state`, `cus_zip`, `cus_phone`, `cus_email`, `cus_balance`, `cus_total_sales`, `cus_notes`) VALUES (5, 'Kim', 'Possible', '1428 6th Street West ', 'Zionsville', 'IN', 46077, 7234801272, 'kp@hotmail.com', 563.93, 273.00, 'wonderful');
INSERT INTO `atn13`.`customer` (`cus_id`, `cus_fname`, `cus_lname`, `cus_street`, `cus_city`, `cus_state`, `cus_zip`, `cus_phone`, `cus_email`, `cus_balance`, `cus_total_sales`, `cus_notes`) VALUES (6, 'Ronnie', 'Murf', '8740 Hillcrest Avenue ', 'Glenview', 'IL', 60025, 2314879234, 'murf@gmail.com', 362.18, 327.00, 'generous');
INSERT INTO `atn13`.`customer` (`cus_id`, `cus_fname`, `cus_lname`, `cus_street`, `cus_city`, `cus_state`, `cus_zip`, `cus_phone`, `cus_email`, `cus_balance`, `cus_total_sales`, `cus_notes`) VALUES (7, 'Issac', 'Newton', '42 Hillside Drive ', 'Sykesville', 'MD', 21784, 2134789237, 'newt@hotmail.com', 192.37, 150.00, 'good');
INSERT INTO `atn13`.`customer` (`cus_id`, `cus_fname`, `cus_lname`, `cus_street`, `cus_city`, `cus_state`, `cus_zip`, `cus_phone`, `cus_email`, `cus_balance`, `cus_total_sales`, `cus_notes`) VALUES (8, 'Dave', 'Buddy', '5435 Oak Lane', 'Winter Springs', 'FL', 32708, 3478291234, 'buddy@yahoo.com', 283.47, 120.00, 'nice');
INSERT INTO `atn13`.`customer` (`cus_id`, `cus_fname`, `cus_lname`, `cus_street`, `cus_city`, `cus_state`, `cus_zip`, `cus_phone`, `cus_email`, `cus_balance`, `cus_total_sales`, `cus_notes`) VALUES (9, 'Hailey', 'Guy', '1688 Maple Avenue ', 'Belmont', 'MA', 02478, 2173823478, 'hguy@gmail.com', 753.27, 234.00, 'great');
INSERT INTO `atn13`.`customer` (`cus_id`, `cus_fname`, `cus_lname`, `cus_street`, `cus_city`, `cus_state`, `cus_zip`, `cus_phone`, `cus_email`, `cus_balance`, `cus_total_sales`, `cus_notes`) VALUES (10, 'Anne', 'Smith', '9678 Summer Street ', 'Nutley', 'NJ', 07110, 8928345792, 'Asmith@gmail.com', 263.47, 203.00, 'excellent');

COMMIT;


-- -----------------------------------------------------
-- Data for table `atn13`.`pet`
-- -----------------------------------------------------
START TRANSACTION;
USE `atn13`;
INSERT INTO `atn13`.`pet` (`pet_id`, `pst_id`, `cus_id`, `pet_type`, `pet_sex`, `pet_cost`, `pet_price`, `pet_age`, `pet_color`, `pet_sale_date`, `pet_vaccine`, `pet_neuter`, `pet_notes`) VALUES (1, 5, 2, 'husky', 'f', 50.00, 100.00, 1, 'white', '2015-10-01', '2015-01-01', '2015-10-01', 'playful');
INSERT INTO `atn13`.`pet` (`pet_id`, `pst_id`, `cus_id`, `pet_type`, `pet_sex`, `pet_cost`, `pet_price`, `pet_age`, `pet_color`, `pet_sale_date`, `pet_vaccine`, `pet_neuter`, `pet_notes`) VALUES (2, 10, 4, 'corgi', 'm', 50.00, 100.00, 2, 'gold', '2015-03-23', '2014-02-01', '2014-04-30', 'funny');
INSERT INTO `atn13`.`pet` (`pet_id`, `pst_id`, `cus_id`, `pet_type`, `pet_sex`, `pet_cost`, `pet_price`, `pet_age`, `pet_color`, `pet_sale_date`, `pet_vaccine`, `pet_neuter`, `pet_notes`) VALUES (3, 6, 3, 'bunny', 'm', 10.00, 25.00, 1, 'brown', '2015-09-23', '2015-03-01', '2015-02-21', 'cute');
INSERT INTO `atn13`.`pet` (`pet_id`, `pst_id`, `cus_id`, `pet_type`, `pet_sex`, `pet_cost`, `pet_price`, `pet_age`, `pet_color`, `pet_sale_date`, `pet_vaccine`, `pet_neuter`, `pet_notes`) VALUES (4, 1, 5, 'snake', 'm', 30.00, 50.00, 4, 'green', '2013-02-30', '2012-01-01', '2012-01-01', 'calm');
INSERT INTO `atn13`.`pet` (`pet_id`, `pst_id`, `cus_id`, `pet_type`, `pet_sex`, `pet_cost`, `pet_price`, `pet_age`, `pet_color`, `pet_sale_date`, `pet_vaccine`, `pet_neuter`, `pet_notes`) VALUES (5, 7, 8, 'frog', 'f', 10.00, 25.00, 3, 'green', '2012-06-09', '2012-05-01', '2013-10-23', 'chill');
INSERT INTO `atn13`.`pet` (`pet_id`, `pst_id`, `cus_id`, `pet_type`, `pet_sex`, `pet_cost`, `pet_price`, `pet_age`, `pet_color`, `pet_sale_date`, `pet_vaccine`, `pet_neuter`, `pet_notes`) VALUES (6, 3, 10, 'hound', 'f', 50.00, 100.00, 2, 'brown', '2014-04-16', '2013-06-01', '2013-08-02', 'hyper');
INSERT INTO `atn13`.`pet` (`pet_id`, `pst_id`, `cus_id`, `pet_type`, `pet_sex`, `pet_cost`, `pet_price`, `pet_age`, `pet_color`, `pet_sale_date`, `pet_vaccine`, `pet_neuter`, `pet_notes`) VALUES (7, 9, 6, 'chiwawa', 'm', 50.00, 100.00, 5, 'brown', '2012-09-05', '2010-11-01', '2011-02-28', 'talkative');
INSERT INTO `atn13`.`pet` (`pet_id`, `pst_id`, `cus_id`, `pet_type`, `pet_sex`, `pet_cost`, `pet_price`, `pet_age`, `pet_color`, `pet_sale_date`, `pet_vaccine`, `pet_neuter`, `pet_notes`) VALUES (8, 2, 1, 'parrot', 'f', 25.00, 50.00, 2, 'grey', '2015-01-13', '2014-05-01', '2014-07-20', 'quiet');
INSERT INTO `atn13`.`pet` (`pet_id`, `pst_id`, `cus_id`, `pet_type`, `pet_sex`, `pet_cost`, `pet_price`, `pet_age`, `pet_color`, `pet_sale_date`, `pet_vaccine`, `pet_neuter`, `pet_notes`) VALUES (9, 8, 9, 'american bobtail', 'm', 50.00, 100.00, 1, 'grey', '2015-05-06', '2015-04-01', '2015-04-28', 'good');
INSERT INTO `atn13`.`pet` (`pet_id`, `pst_id`, `cus_id`, `pet_type`, `pet_sex`, `pet_cost`, `pet_price`, `pet_age`, `pet_color`, `pet_sale_date`, `pet_vaccine`, `pet_neuter`, `pet_notes`) VALUES (10, 4, 7, 'doberman', 'm', 50.00, 85.00, 5, 'black', '2012-03-19', '2011-02-01', '2011-06-30', 'nice');

COMMIT;

